Category,Revenue USD,Profit USD,Profit Margin %
Computers,19301595.46,11277447.9,58.42754254885829
Home Appliances,10795478.59,6296338.85,58.32385102252331
Cameras and camcorders,6520168.02,3919800.9899999998,60.11809784619631
Cell phones,6183791.22,3498626.54,56.577371640305806
TV and Video,5928982.69,3536694.3899999997,59.65094814604694
Audio,3169627.74,1827851.77,57.667711161563716
"Music, Movies and Audio Books",3131006.44,1909259.1700000002,60.979087925478694
Games and Toys,724829.43,396668.77,54.725809077592224
